jurisdiction,place,type,north_county,notes,sources
Carlsbad,Carlsbad,City,TRUE,Incorporated city,https://getitdone.sandiego.gov/ViewArticle?URLName=Nearby-Cities
Carlsbad,Aviara,Neighborhood,TRUE,Upscale master-planned area,https://www.carlsbadca.gov/departments/community-development/planning/village-barrio-plan;https://visitcarlsbad.com/directory/the-carlsbad-barrio-museum/;https://www.carlsbad-village.com/;https://bressiranchvillagecenter.com/;https://www.neighborhoods.com/tanglewood-carlsbad-ca;https://www.homes.com/local-guide/carlsbad-ca/rancho-carrillo-neighborhood/;https://www.homes.com/local-guide/carlsbad-ca/la-costa-neighborhood/;https://www.homes.com/local-guide/carlsbad-ca/calavera-hills-neighborhood/;https://www.carlsbadca.gov/residents/your-home/neighborhoods-map
Carlsbad,Barrio (Carlsbad),Neighborhood,TRUE,Historic Mexican-American neighborhood; aka Barrio Carlsbad,https://www.carlsbadca.gov/departments/community-development/planning/village-barrio-plan;https://visitcarlsbad.com/directory/the-carlsbad-barrio-museum/;https://www.carlsbad-village.com/;https://bressiranchvillagecenter.com/;https://www.neighborhoods.com/tanglewood-carlsbad-ca;https://www.homes.com/local-guide/carlsbad-ca/rancho-carrillo-neighborhood/;https://www.homes.com/local-guide/carlsbad-ca/la-costa-neighborhood/;https://www.homes.com/local-guide/carlsbad-ca/calavera-hills-neighborhood/;https://www.carlsbadca.gov/residents/your-home/neighborhoods-map
Carlsbad,Calavera Hills,Neighborhood,TRUE,Master-planned area near Lake Calavera,https://www.carlsbadca.gov/departments/community-development/planning/village-barrio-plan;https://visitcarlsbad.com/directory/the-carlsbad-barrio-museum/;https://www.carlsbad-village.com/;https://bressiranchvillagecenter.com/;https://www.neighborhoods.com/tanglewood-carlsbad-ca;https://www.homes.com/local-guide/carlsbad-ca/rancho-carrillo-neighborhood/;https://www.homes.com/local-guide/carlsbad-ca/la-costa-neighborhood/;https://www.homes.com/local-guide/carlsbad-ca/calavera-hills-neighborhood/;https://www.carlsbadca.gov/residents/your-home/neighborhoods-map
Carlsbad,Carlsbad Village,Neighborhood,TRUE,Downtown/core district,https://www.carlsbadca.gov/departments/community-development/planning/village-barrio-plan;https://visitcarlsbad.com/directory/the-carlsbad-barrio-museum/;https://www.carlsbad-village.com/;https://bressiranchvillagecenter.com/;https://www.neighborhoods.com/tanglewood-carlsbad-ca;https://www.homes.com/local-guide/carlsbad-ca/rancho-carrillo-neighborhood/;https://www.homes.com/local-guide/carlsbad-ca/la-costa-neighborhood/;https://www.homes.com/local-guide/carlsbad-ca/calavera-hills-neighborhood/;https://www.carlsbadca.gov/residents/your-home/neighborhoods-map
Carlsbad,La Costa,Neighborhood,TRUE,Large master-planned area anchored by Omni La Costa,https://www.carlsbadca.gov/departments/community-development/planning/village-barrio-plan;https://visitcarlsbad.com/directory/the-carlsbad-barrio-museum/;https://www.carlsbad-village.com/;https://bressiranchvillagecenter.com/;https://www.neighborhoods.com/tanglewood-carlsbad-ca;https://www.homes.com/local-guide/carlsbad-ca/rancho-carrillo-neighborhood/;https://www.homes.com/local-guide/carlsbad-ca/la-costa-neighborhood/;https://www.homes.com/local-guide/carlsbad-ca/calavera-hills-neighborhood/;https://www.carlsbadca.gov/residents/your-home/neighborhoods-map
Carlsbad,Rancho Carrillo,Neighborhood,TRUE,Master-planned community around Leo Carrillo Ranch,https://www.carlsbadca.gov/departments/community-development/planning/village-barrio-plan;https://visitcarlsbad.com/directory/the-carlsbad-barrio-museum/;https://www.carlsbad-village.com/;https://bressiranchvillagecenter.com/;https://www.neighborhoods.com/tanglewood-carlsbad-ca;https://www.homes.com/local-guide/carlsbad-ca/rancho-carrillo-neighborhood/;https://www.homes.com/local-guide/carlsbad-ca/la-costa-neighborhood/;https://www.homes.com/local-guide/carlsbad-ca/calavera-hills-neighborhood/;https://www.carlsbadca.gov/residents/your-home/neighborhoods-map
Carlsbad,Robertson Ranch,Neighborhood,TRUE,Newer master-planned area,https://www.carlsbadca.gov/departments/community-development/planning/village-barrio-plan;https://visitcarlsbad.com/directory/the-carlsbad-barrio-museum/;https://www.carlsbad-village.com/;https://bressiranchvillagecenter.com/;https://www.neighborhoods.com/tanglewood-carlsbad-ca;https://www.homes.com/local-guide/carlsbad-ca/rancho-carrillo-neighborhood/;https://www.homes.com/local-guide/carlsbad-ca/la-costa-neighborhood/;https://www.homes.com/local-guide/carlsbad-ca/calavera-hills-neighborhood/;https://www.carlsbadca.gov/residents/your-home/neighborhoods-map
Carlsbad,Terramar,Neighborhood,TRUE,Coastal enclave,https://www.carlsbadca.gov/departments/community-development/planning/village-barrio-plan;https://visitcarlsbad.com/directory/the-carlsbad-barrio-museum/;https://www.carlsbad-village.com/;https://bressiranchvillagecenter.com/;https://www.neighborhoods.com/tanglewood-carlsbad-ca;https://www.homes.com/local-guide/carlsbad-ca/rancho-carrillo-neighborhood/;https://www.homes.com/local-guide/carlsbad-ca/la-costa-neighborhood/;https://www.homes.com/local-guide/carlsbad-ca/calavera-hills-neighborhood/;https://www.carlsbadca.gov/residents/your-home/neighborhoods-map
Carlsbad,Bressi Ranch,Subdivision/HOA,TRUE,Master-planned community with village center,https://www.carlsbadca.gov/departments/community-development/planning/village-barrio-plan;https://visitcarlsbad.com/directory/the-carlsbad-barrio-museum/;https://www.carlsbad-village.com/;https://bressiranchvillagecenter.com/;https://www.neighborhoods.com/tanglewood-carlsbad-ca;https://www.homes.com/local-guide/carlsbad-ca/rancho-carrillo-neighborhood/;https://www.homes.com/local-guide/carlsbad-ca/la-costa-neighborhood/;https://www.homes.com/local-guide/carlsbad-ca/calavera-hills-neighborhood/;https://www.carlsbadca.gov/residents/your-home/neighborhoods-map
Carlsbad,Tanglewood,Subdivision/HOA,TRUE,Townhome/condo HOA community,https://www.carlsbadca.gov/departments/community-development/planning/village-barrio-plan;https://visitcarlsbad.com/directory/the-carlsbad-barrio-museum/;https://www.carlsbad-village.com/;https://bressiranchvillagecenter.com/;https://www.neighborhoods.com/tanglewood-carlsbad-ca;https://www.homes.com/local-guide/carlsbad-ca/rancho-carrillo-neighborhood/;https://www.homes.com/local-guide/carlsbad-ca/la-costa-neighborhood/;https://www.homes.com/local-guide/carlsbad-ca/calavera-hills-neighborhood/;https://www.carlsbadca.gov/residents/your-home/neighborhoods-map
Chula Vista,Chula Vista,City,FALSE,Incorporated city,https://getitdone.sandiego.gov/ViewArticle?URLName=Nearby-Cities
Chula Vista,Chula Vista Bayfront,Neighborhood,FALSE,Waterfront district (redeveloping),"https://en.wikipedia.org/wiki/Chula_Vista,_California#Neighborhoods;https://farealestatepro.com/top-neighborhoods-in-chula-vista-ca-where-to-live-and-why/"
Chula Vista,College Estates,Neighborhood,FALSE,West side neighborhood,"https://en.wikipedia.org/wiki/Chula_Vista,_California#Neighborhoods;https://farealestatepro.com/top-neighborhoods-in-chula-vista-ca-where-to-live-and-why/"
Chula Vista,Eastlake,Neighborhood,FALSE,Large master-planned area,"https://en.wikipedia.org/wiki/Chula_Vista,_California#Neighborhoods;https://farealestatepro.com/top-neighborhoods-in-chula-vista-ca-where-to-live-and-why/"
Chula Vista,Otay Ranch,Neighborhood,FALSE,Master-planned area,"https://en.wikipedia.org/wiki/Chula_Vista,_California#Neighborhoods;https://farealestatepro.com/top-neighborhoods-in-chula-vista-ca-where-to-live-and-why/"
Chula Vista,Rancho del Rey,Neighborhood,FALSE,Master-planned area,"https://en.wikipedia.org/wiki/Chula_Vista,_California#Neighborhoods;https://farealestatepro.com/top-neighborhoods-in-chula-vista-ca-where-to-live-and-why/"
Chula Vista,Rolling Hills Ranch,Neighborhood,FALSE,Master-planned area,"https://en.wikipedia.org/wiki/Chula_Vista,_California#Neighborhoods;https://farealestatepro.com/top-neighborhoods-in-chula-vista-ca-where-to-live-and-why/"
Chula Vista,San Miguel Ranch,Neighborhood,FALSE,Master-planned area,"https://en.wikipedia.org/wiki/Chula_Vista,_California#Neighborhoods;https://farealestatepro.com/top-neighborhoods-in-chula-vista-ca-where-to-live-and-why/"
Chula Vista,Sunbow,Neighborhood,FALSE,Master-planned area,"https://en.wikipedia.org/wiki/Chula_Vista,_California#Neighborhoods;https://farealestatepro.com/top-neighborhoods-in-chula-vista-ca-where-to-live-and-why/"
Chula Vista,Terra Nova,Neighborhood,FALSE,Planned neighborhood,"https://en.wikipedia.org/wiki/Chula_Vista,_California#Neighborhoods;https://farealestatepro.com/top-neighborhoods-in-chula-vista-ca-where-to-live-and-why/"
Chula Vista,Windingwalk,Neighborhood,FALSE,Master-planned area,"https://en.wikipedia.org/wiki/Chula_Vista,_California#Neighborhoods;https://farealestatepro.com/top-neighborhoods-in-chula-vista-ca-where-to-live-and-why/"
Coronado,Coronado,City,FALSE,Incorporated city,https://getitdone.sandiego.gov/ViewArticle?URLName=Nearby-Cities
Coronado,Coronado Cays,Neighborhood,FALSE,Residential marina community,https://www.neighborhoods.com/search?q=Coronado
Coronado,Coronado Shores,Neighborhood,FALSE,High-rise condos,https://www.neighborhoods.com/search?q=Coronado
Coronado,Coronado Village,Neighborhood,FALSE,Historic core,https://www.neighborhoods.com/search?q=Coronado
Coronado,Country Club,Neighborhood,FALSE,Residential district near golf club,https://www.neighborhoods.com/search?q=Coronado
Del Mar,Del Mar,City,TRUE,Incorporated city,https://getitdone.sandiego.gov/ViewArticle?URLName=Nearby-Cities
Del Mar,Del Mar Heights,Neighborhood,TRUE,Hillside neighborhood,https://www.sandiegorealestatehunter.com/blog/best-neighborhoods-to-live-in-del-mar-san-diego/
Del Mar,Del Mar Terrace,Neighborhood,TRUE,East of 101 above lagoon,https://www.sandiegorealestatehunter.com/blog/best-neighborhoods-to-live-in-del-mar-san-diego/
Del Mar,Del Mar Village,Neighborhood,TRUE,Downtown/coastal core,https://www.sandiegorealestatehunter.com/blog/best-neighborhoods-to-live-in-del-mar-san-diego/
Del Mar,Del Mar Woods,Neighborhood,TRUE,Condo enclave on bluff,https://www.sandiegorealestatehunter.com/blog/best-neighborhoods-to-live-in-del-mar-san-diego/
Del Mar,Olde Del Mar,Neighborhood,TRUE,Historic residential area,https://www.sandiegorealestatehunter.com/blog/best-neighborhoods-to-live-in-del-mar-san-diego/
El Cajon,El Cajon,City,FALSE,Incorporated city,https://getitdone.sandiego.gov/ViewArticle?URLName=Nearby-Cities
El Cajon,Bostonia (city portion),Neighborhood,FALSE,North El Cajon,https://www.neighborhoods.com/fletcher-hills-el-cajon-ca;https://mapcarta.com/23052796
El Cajon,Fletcher Hills,Neighborhood,FALSE,Shared with La Mesa area,https://www.neighborhoods.com/fletcher-hills-el-cajon-ca;https://mapcarta.com/23052796
El Cajon,Granite Hills,Neighborhood,FALSE,East El Cajon,https://www.neighborhoods.com/fletcher-hills-el-cajon-ca;https://mapcarta.com/23052796
Encinitas,Encinitas,City,TRUE,Incorporated city,https://getitdone.sandiego.gov/ViewArticle?URLName=Nearby-Cities
Encinitas,Cardiff-by-the-Sea,Neighborhood/Community,TRUE,One of Encinitas' five communities,https://encinitasca.gov/About-Encinitas
Encinitas,Historic Encinitas,Neighborhood/Community,TRUE,One of Encinitas' five communities,https://encinitasca.gov/About-Encinitas
Encinitas,Leucadia,Neighborhood/Community,TRUE,One of Encinitas' five communities,https://encinitasca.gov/About-Encinitas
Encinitas,New Encinitas,Neighborhood/Community,TRUE,One of Encinitas' five communities,https://encinitasca.gov/About-Encinitas
Encinitas,Olivenhain,Neighborhood/Community,TRUE,One of Encinitas' five communities,https://encinitasca.gov/About-Encinitas
Escondido,Escondido,City,TRUE,Incorporated city,https://getitdone.sandiego.gov/ViewArticle?URLName=Nearby-Cities
Escondido,Old Escondido Historic District,Historic District,TRUE,Designated residential historic district,https://www.escondido.org/382/Old-Escondido-Historic-District;https://luxuryinsandiego.com/explore/escondido-neighborhood-guide
Escondido,Downtown Escondido,Neighborhood,TRUE,Grand Avenue core,https://www.escondido.org/382/Old-Escondido-Historic-District;https://luxuryinsandiego.com/explore/escondido-neighborhood-guide
Escondido,Felicita,Neighborhood,TRUE,Southwest Escondido area,https://www.escondido.org/382/Old-Escondido-Historic-District;https://luxuryinsandiego.com/explore/escondido-neighborhood-guide
Escondido,Harmony Grove Village,Neighborhood,TRUE,Newer master-planned area (adjacent/unincorporated influence),https://www.escondido.org/382/Old-Escondido-Historic-District;https://luxuryinsandiego.com/explore/escondido-neighborhood-guide
Escondido,Jesmond Dene,Neighborhood,TRUE,Northeast Escondido,https://www.escondido.org/382/Old-Escondido-Historic-District;https://luxuryinsandiego.com/explore/escondido-neighborhood-guide
Escondido,Kit Carson,Neighborhood,TRUE,Area around park/sports complex,https://www.escondido.org/382/Old-Escondido-Historic-District;https://luxuryinsandiego.com/explore/escondido-neighborhood-guide
Escondido,Lake Hodges,Neighborhood,TRUE,Western hillside/lake area,https://www.escondido.org/382/Old-Escondido-Historic-District;https://luxuryinsandiego.com/explore/escondido-neighborhood-guide
Escondido,North Broadway,Neighborhood,TRUE,Residential area,https://www.escondido.org/382/Old-Escondido-Historic-District;https://luxuryinsandiego.com/explore/escondido-neighborhood-guide
Imperial Beach,Imperial Beach,City,FALSE,Incorporated city,https://getitdone.sandiego.gov/ViewArticle?URLName=Nearby-Cities
Imperial Beach,Egger Highlands (San Diego) border,Neighborhood,FALSE,Adjacent SD neighborhood often associated by locals,https://california.hometownlocator.com/
Imperial Beach,Seaside/Downtown IB,Neighborhood,FALSE,Pier & coastal core,https://california.hometownlocator.com/
La Mesa,La Mesa,City,FALSE,Incorporated city,https://getitdone.sandiego.gov/ViewArticle?URLName=Nearby-Cities
La Mesa,Grossmont,Neighborhood,FALSE,Area around Grossmont,https://www.lamesa.com/the-city-of-la-mesa/neighborhoods-in-la-mesa/
La Mesa,La Mesa Village,Neighborhood,FALSE,Downtown core,https://www.lamesa.com/the-city-of-la-mesa/neighborhoods-in-la-mesa/
La Mesa,Lake Murray (La Mesa),Neighborhood,FALSE,Northwest La Mesa near lake,https://www.lamesa.com/the-city-of-la-mesa/neighborhoods-in-la-mesa/
La Mesa,Severin/Grossmont Park,Neighborhood,FALSE,Residential,https://www.lamesa.com/the-city-of-la-mesa/neighborhoods-in-la-mesa/
La Mesa,Windsor Hills,Neighborhood,FALSE,Historic hillside area,https://www.lamesa.com/the-city-of-la-mesa/neighborhoods-in-la-mesa/
Lemon Grove,Lemon Grove,City,FALSE,Incorporated city,https://getitdone.sandiego.gov/ViewArticle?URLName=Nearby-Cities
Lemon Grove,Lemon Grove Manor,Neighborhood,FALSE,Residential area,https://california.hometownlocator.com/
National City,National City,City,FALSE,Incorporated city,https://getitdone.sandiego.gov/ViewArticle?URLName=Nearby-Cities
National City,Old Town National City,Neighborhood,FALSE,Historic core,https://california.hometownlocator.com/
National City,Rancho de la Nación,Neighborhood,FALSE,Historic subdivision area,https://california.hometownlocator.com/
Oceanside,Oceanside,City,TRUE,Incorporated city,https://getitdone.sandiego.gov/ViewArticle?URLName=Nearby-Cities
Oceanside,Fire Mountain,Neighborhood,TRUE,Hillside neighborhood,https://www.zipdatamaps.com/neighborhood/california/oceanside;https://www.visitocnsd.com/placeholder
Oceanside,Loma Alta,Neighborhood,TRUE,Historic inland neighborhood,https://www.zipdatamaps.com/neighborhood/california/oceanside;https://www.visitocnsd.com/placeholder
Oceanside,Mira Costa,Neighborhood,TRUE,Around MiraCosta College,https://www.zipdatamaps.com/neighborhood/california/oceanside;https://www.visitocnsd.com/placeholder
Oceanside,Morro Hills,Neighborhood,TRUE,Semi-rural/agricultural area,https://www.zipdatamaps.com/neighborhood/california/oceanside;https://www.visitocnsd.com/placeholder
Oceanside,North Valley,Neighborhood,TRUE,Northeast/inland area,https://www.zipdatamaps.com/neighborhood/california/oceanside;https://www.visitocnsd.com/placeholder
Oceanside,Ocean Hills,Neighborhood,TRUE,55+ community and surrounding area,https://www.zipdatamaps.com/neighborhood/california/oceanside;https://www.visitocnsd.com/placeholder
Oceanside,Rancho Del Oro,Neighborhood,TRUE,Master-planned area,https://www.zipdatamaps.com/neighborhood/california/oceanside;https://www.visitocnsd.com/placeholder
Oceanside,South Oceanside (South O),Neighborhood,TRUE,Coastal district at south end,https://www.zipdatamaps.com/neighborhood/california/oceanside;https://www.visitocnsd.com/placeholder
Oceanside,Tri-City,Neighborhood,TRUE,Area near Tri-City Medical Center,https://www.zipdatamaps.com/neighborhood/california/oceanside;https://www.visitocnsd.com/placeholder
Oceanside,Whelan Ranch,Neighborhood,TRUE,Residential area near Camp Pendleton,https://www.zipdatamaps.com/neighborhood/california/oceanside;https://www.visitocnsd.com/placeholder
Poway,Poway,City,TRUE,Incorporated city,https://getitdone.sandiego.gov/ViewArticle?URLName=Nearby-Cities
Poway,Bridlewood,Neighborhood,TRUE,South Poway estates,https://greenvalleyhighlandshoa.com/
Poway,Garden Road,Neighborhood,TRUE,Eastern residential area,https://greenvalleyhighlandshoa.com/
Poway,Green Valley,Neighborhood,TRUE,North Poway estates (includes Green Valley Highlands),https://greenvalleyhighlandshoa.com/
Poway,High Valley,Neighborhood,TRUE,Acreage/equestrian area,https://greenvalleyhighlandshoa.com/
Poway,Old Poway,Neighborhood,TRUE,Historic district around Old Poway Park,https://greenvalleyhighlandshoa.com/
Poway,Rancho Arbolitos,Neighborhood,TRUE,Central Poway,https://greenvalleyhighlandshoa.com/
Poway,Silver Saddle,Neighborhood,TRUE,Northeast foothills,https://greenvalleyhighlandshoa.com/
Poway,Stoneridge,Neighborhood,TRUE,North Poway,https://greenvalleyhighlandshoa.com/
Poway,The Heritage,Neighborhood,TRUE,Luxury estates,https://greenvalleyhighlandshoa.com/
San Diego,San Diego,City,FALSE,Incorporated city,https://getitdone.sandiego.gov/ViewArticle?URLName=Nearby-Cities
San Diego,Adams North,Neighborhood/Community (City of San Diego),FALSE,City neighborhood or sub-neighborhood per official/Wikipedia lists,https://en.wikipedia.org/wiki/List_of_communities_and_neighborhoods_of_San_Diego;https://www.sandiego.gov/planning/community-plans
San Diego,Adams Park,Neighborhood/Community (City of San Diego),FALSE,City neighborhood or sub-neighborhood per official/Wikipedia lists,https://en.wikipedia.org/wiki/List_of_communities_and_neighborhoods_of_San_Diego;https://www.sandiego.gov/planning/community-plans
San Diego,Allied Gardens,Neighborhood/Community (City of San Diego),FALSE,City neighborhood or sub-neighborhood per official/Wikipedia lists,https://en.wikipedia.org/wiki/List_of_communities_and_neighborhoods_of_San_Diego;https://www.sandiego.gov/planning/community-plans
San Diego,Alta Vista,Neighborhood/Community (City of San Diego),FALSE,City neighborhood or sub-neighborhood per official/Wikipedia lists,https://en.wikipedia.org/wiki/List_of_communities_and_neighborhoods_of_San_Diego;https://www.sandiego.gov/planning/community-plans
San Diego,Altadena,Neighborhood/Community (City of San Diego),FALSE,City neighborhood or sub-neighborhood per official/Wikipedia lists,https://en.wikipedia.org/wiki/List_of_communities_and_neighborhoods_of_San_Diego;https://www.sandiego.gov/planning/community-plans
San Diego,Alvarado Estates,Neighborhood/Community (City of San Diego),FALSE,City neighborhood or sub-neighborhood per official/Wikipedia lists,https://en.wikipedia.org/wiki/List_of_communities_and_neighborhoods_of_San_Diego;https://www.sandiego.gov/planning/community-plans
San Diego,Azalea Park,Neighborhood/Community (City of San Diego),FALSE,City neighborhood or sub-neighborhood per official/Wikipedia lists,https://en.wikipedia.org/wiki/List_of_communities_and_neighborhoods_of_San_Diego;https://www.sandiego.gov/planning/community-plans
San Diego,Balboa Park,Neighborhood/Community (City of San Diego),FALSE,City neighborhood or sub-neighborhood per official/Wikipedia lists,https://en.wikipedia.org/wiki/List_of_communities_and_neighborhoods_of_San_Diego;https://www.sandiego.gov/planning/community-plans
San Diego,Bankers Hill,Neighborhood/Community (City of San Diego),FALSE,City neighborhood or sub-neighborhood per official/Wikipedia lists,https://en.wikipedia.org/wiki/List_of_communities_and_neighborhoods_of_San_Diego;https://www.sandiego.gov/planning/community-plans
San Diego,Barrio Logan,Neighborhood/Community (City of San Diego),FALSE,City neighborhood or sub-neighborhood per official/Wikipedia lists,https://en.wikipedia.org/wiki/List_of_communities_and_neighborhoods_of_San_Diego;https://www.sandiego.gov/planning/community-plans
San Diego,Bay Ho,Neighborhood/Community (City of San Diego),FALSE,City neighborhood or sub-neighborhood per official/Wikipedia lists,https://en.wikipedia.org/wiki/List_of_communities_and_neighborhoods_of_San_Diego;https://www.sandiego.gov/planning/community-plans
San Diego,Bay Park,Neighborhood/Community (City of San Diego),FALSE,City neighborhood or sub-neighborhood per official/Wikipedia lists,https://en.wikipedia.org/wiki/List_of_communities_and_neighborhoods_of_San_Diego;https://www.sandiego.gov/planning/community-plans
San Diego,Bay Ridge,Neighborhood/Community (City of San Diego),FALSE,City neighborhood or sub-neighborhood per official/Wikipedia lists,https://en.wikipedia.org/wiki/List_of_communities_and_neighborhoods_of_San_Diego;https://www.sandiego.gov/planning/community-plans
San Diego,Bay Terraces,Neighborhood/Community (City of San Diego),FALSE,City neighborhood or sub-neighborhood per official/Wikipedia lists,https://en.wikipedia.org/wiki/List_of_communities_and_neighborhoods_of_San_Diego;https://www.sandiego.gov/planning/community-plans
San Diego,Beach Barber Tract,Neighborhood/Community (City of San Diego),FALSE,City neighborhood or sub-neighborhood per official/Wikipedia lists,https://en.wikipedia.org/wiki/List_of_communities_and_neighborhoods_of_San_Diego;https://www.sandiego.gov/planning/community-plans
San Diego,Bird Rock,Neighborhood/Community (City of San Diego),FALSE,City neighborhood or sub-neighborhood per official/Wikipedia lists,https://en.wikipedia.org/wiki/List_of_communities_and_neighborhoods_of_San_Diego;https://www.sandiego.gov/planning/community-plans
San Diego,Birdland,Neighborhood/Community (City of San Diego),FALSE,City neighborhood or sub-neighborhood per official/Wikipedia lists,https://en.wikipedia.org/wiki/List_of_communities_and_neighborhoods_of_San_Diego;https://www.sandiego.gov/planning/community-plans
San Diego,Black Mountain Ranch,Neighborhood/Community (City of San Diego),FALSE,City neighborhood or sub-neighborhood per official/Wikipedia lists,https://en.wikipedia.org/wiki/List_of_communities_and_neighborhoods_of_San_Diego;https://www.sandiego.gov/planning/community-plans
San Diego,Broadway Heights,Neighborhood/Community (City of San Diego),FALSE,City neighborhood or sub-neighborhood per official/Wikipedia lists,https://en.wikipedia.org/wiki/List_of_communities_and_neighborhoods_of_San_Diego;https://www.sandiego.gov/planning/community-plans
San Diego,Burlingame,Neighborhood/Community (City of San Diego),FALSE,City neighborhood or sub-neighborhood per official/Wikipedia lists,https://en.wikipedia.org/wiki/List_of_communities_and_neighborhoods_of_San_Diego;https://www.sandiego.gov/planning/community-plans
San Diego,Carmel Mountain Ranch,Neighborhood/Community (City of San Diego),FALSE,City neighborhood or sub-neighborhood per official/Wikipedia lists,https://en.wikipedia.org/wiki/List_of_communities_and_neighborhoods_of_San_Diego;https://www.sandiego.gov/planning/community-plans
San Diego,Carmel Valley,Neighborhood/Community (City of San Diego),FALSE,City neighborhood or sub-neighborhood per official/Wikipedia lists,https://en.wikipedia.org/wiki/List_of_communities_and_neighborhoods_of_San_Diego;https://www.sandiego.gov/planning/community-plans
San Diego,Castle,Neighborhood/Community (City of San Diego),FALSE,City neighborhood or sub-neighborhood per official/Wikipedia lists,https://en.wikipedia.org/wiki/List_of_communities_and_neighborhoods_of_San_Diego;https://www.sandiego.gov/planning/community-plans
San Diego,Cherokee Park,Neighborhood/Community (City of San Diego),FALSE,City neighborhood or sub-neighborhood per official/Wikipedia lists,https://en.wikipedia.org/wiki/List_of_communities_and_neighborhoods_of_San_Diego;https://www.sandiego.gov/planning/community-plans
San Diego,Cherokee Point,Neighborhood/Community (City of San Diego),FALSE,City neighborhood or sub-neighborhood per official/Wikipedia lists,https://en.wikipedia.org/wiki/List_of_communities_and_neighborhoods_of_San_Diego;https://www.sandiego.gov/planning/community-plans
San Diego,Chollas Creek,Neighborhood/Community (City of San Diego),FALSE,City neighborhood or sub-neighborhood per official/Wikipedia lists,https://en.wikipedia.org/wiki/List_of_communities_and_neighborhoods_of_San_Diego;https://www.sandiego.gov/planning/community-plans
San Diego,Chollas View,Neighborhood/Community (City of San Diego),FALSE,City neighborhood or sub-neighborhood per official/Wikipedia lists,https://en.wikipedia.org/wiki/List_of_communities_and_neighborhoods_of_San_Diego;https://www.sandiego.gov/planning/community-plans
San Diego,City Heights,Neighborhood/Community (City of San Diego),FALSE,City neighborhood or sub-neighborhood per official/Wikipedia lists,https://en.wikipedia.org/wiki/List_of_communities_and_neighborhoods_of_San_Diego;https://www.sandiego.gov/planning/community-plans
San Diego,Civita,Neighborhood/Community (City of San Diego),FALSE,City neighborhood or sub-neighborhood per official/Wikipedia lists,https://en.wikipedia.org/wiki/List_of_communities_and_neighborhoods_of_San_Diego;https://www.sandiego.gov/planning/community-plans
San Diego,Clairemont Mesa,Neighborhood/Community (City of San Diego),FALSE,City neighborhood or sub-neighborhood per official/Wikipedia lists,https://en.wikipedia.org/wiki/List_of_communities_and_neighborhoods_of_San_Diego;https://www.sandiego.gov/planning/community-plans
San Diego,Clairemont Mesa East,Neighborhood/Community (City of San Diego),FALSE,City neighborhood or sub-neighborhood per official/Wikipedia lists,https://en.wikipedia.org/wiki/List_of_communities_and_neighborhoods_of_San_Diego;https://www.sandiego.gov/planning/community-plans
San Diego,Clairemont Mesa West,Neighborhood/Community (City of San Diego),FALSE,City neighborhood or sub-neighborhood per official/Wikipedia lists,https://en.wikipedia.org/wiki/List_of_communities_and_neighborhoods_of_San_Diego;https://www.sandiego.gov/planning/community-plans
San Diego,Colina del Sol,Neighborhood/Community (City of San Diego),FALSE,City neighborhood or sub-neighborhood per official/Wikipedia lists,https://en.wikipedia.org/wiki/List_of_communities_and_neighborhoods_of_San_Diego;https://www.sandiego.gov/planning/community-plans
San Diego,College Area,Neighborhood/Community (City of San Diego),FALSE,City neighborhood or sub-neighborhood per official/Wikipedia lists,https://en.wikipedia.org/wiki/List_of_communities_and_neighborhoods_of_San_Diego;https://www.sandiego.gov/planning/community-plans
San Diego,College East,Neighborhood/Community (City of San Diego),FALSE,City neighborhood or sub-neighborhood per official/Wikipedia lists,https://en.wikipedia.org/wiki/List_of_communities_and_neighborhoods_of_San_Diego;https://www.sandiego.gov/planning/community-plans
San Diego,College West,Neighborhood/Community (City of San Diego),FALSE,City neighborhood or sub-neighborhood per official/Wikipedia lists,https://en.wikipedia.org/wiki/List_of_communities_and_neighborhoods_of_San_Diego;https://www.sandiego.gov/planning/community-plans
San Diego,Columbia,Neighborhood/Community (City of San Diego),FALSE,City neighborhood or sub-neighborhood per official/Wikipedia lists,https://en.wikipedia.org/wiki/List_of_communities_and_neighborhoods_of_San_Diego;https://www.sandiego.gov/planning/community-plans
San Diego,Core,Neighborhood/Community (City of San Diego),FALSE,City neighborhood or sub-neighborhood per official/Wikipedia lists,https://en.wikipedia.org/wiki/List_of_communities_and_neighborhoods_of_San_Diego;https://www.sandiego.gov/planning/community-plans
San Diego,Corridor,Neighborhood/Community (City of San Diego),FALSE,City neighborhood or sub-neighborhood per official/Wikipedia lists,https://en.wikipedia.org/wiki/List_of_communities_and_neighborhoods_of_San_Diego;https://www.sandiego.gov/planning/community-plans
San Diego,Cortez Hill,Neighborhood/Community (City of San Diego),FALSE,City neighborhood or sub-neighborhood per official/Wikipedia lists,https://en.wikipedia.org/wiki/List_of_communities_and_neighborhoods_of_San_Diego;https://www.sandiego.gov/planning/community-plans
San Diego,Country Club,Neighborhood/Community (City of San Diego),FALSE,City neighborhood or sub-neighborhood per official/Wikipedia lists,https://en.wikipedia.org/wiki/List_of_communities_and_neighborhoods_of_San_Diego;https://www.sandiego.gov/planning/community-plans
San Diego,Del Cerro,Neighborhood/Community (City of San Diego),FALSE,City neighborhood or sub-neighborhood per official/Wikipedia lists,https://en.wikipedia.org/wiki/List_of_communities_and_neighborhoods_of_San_Diego;https://www.sandiego.gov/planning/community-plans
San Diego,Del Mar Heights,Neighborhood/Community (City of San Diego),FALSE,City neighborhood or sub-neighborhood per official/Wikipedia lists,https://en.wikipedia.org/wiki/List_of_communities_and_neighborhoods_of_San_Diego;https://www.sandiego.gov/planning/community-plans
San Diego,Del Mar Mesa,Neighborhood/Community (City of San Diego),FALSE,City neighborhood or sub-neighborhood per official/Wikipedia lists,https://en.wikipedia.org/wiki/List_of_communities_and_neighborhoods_of_San_Diego;https://www.sandiego.gov/planning/community-plans
San Diego,Downtown,Neighborhood/Community (City of San Diego),FALSE,City neighborhood or sub-neighborhood per official/Wikipedia lists,https://en.wikipedia.org/wiki/List_of_communities_and_neighborhoods_of_San_Diego;https://www.sandiego.gov/planning/community-plans
San Diego,East Village,Neighborhood/Community (City of San Diego),FALSE,City neighborhood or sub-neighborhood per official/Wikipedia lists,https://en.wikipedia.org/wiki/List_of_communities_and_neighborhoods_of_San_Diego;https://www.sandiego.gov/planning/community-plans
San Diego,Egger Highlands,Neighborhood/Community (City of San Diego),FALSE,City neighborhood or sub-neighborhood per official/Wikipedia lists,https://en.wikipedia.org/wiki/List_of_communities_and_neighborhoods_of_San_Diego;https://www.sandiego.gov/planning/community-plans
San Diego,El Cerrito,Neighborhood/Community (City of San Diego),FALSE,City neighborhood or sub-neighborhood per official/Wikipedia lists,https://en.wikipedia.org/wiki/List_of_communities_and_neighborhoods_of_San_Diego;https://www.sandiego.gov/planning/community-plans
San Diego,Emerald Hills,Neighborhood/Community (City of San Diego),FALSE,City neighborhood or sub-neighborhood per official/Wikipedia lists,https://en.wikipedia.org/wiki/List_of_communities_and_neighborhoods_of_San_Diego;https://www.sandiego.gov/planning/community-plans
San Diego,Encanto,Neighborhood/Community (City of San Diego),FALSE,City neighborhood or sub-neighborhood per official/Wikipedia lists,https://en.wikipedia.org/wiki/List_of_communities_and_neighborhoods_of_San_Diego;https://www.sandiego.gov/planning/community-plans
San Diego,Fairbanks Ranch Country Club,Neighborhood/Community (City of San Diego),FALSE,City neighborhood or sub-neighborhood per official/Wikipedia lists,https://en.wikipedia.org/wiki/List_of_communities_and_neighborhoods_of_San_Diego;https://www.sandiego.gov/planning/community-plans
San Diego,Fairmount Park,Neighborhood/Community (City of San Diego),FALSE,City neighborhood or sub-neighborhood per official/Wikipedia lists,https://en.wikipedia.org/wiki/List_of_communities_and_neighborhoods_of_San_Diego;https://www.sandiego.gov/planning/community-plans
San Diego,Fairmount Village,Neighborhood/Community (City of San Diego),FALSE,City neighborhood or sub-neighborhood per official/Wikipedia lists,https://en.wikipedia.org/wiki/List_of_communities_and_neighborhoods_of_San_Diego;https://www.sandiego.gov/planning/community-plans
San Diego,Fleet Ridge,Neighborhood/Community (City of San Diego),FALSE,City neighborhood or sub-neighborhood per official/Wikipedia lists,https://en.wikipedia.org/wiki/List_of_communities_and_neighborhoods_of_San_Diego;https://www.sandiego.gov/planning/community-plans
San Diego,Fox Canyon,Neighborhood/Community (City of San Diego),FALSE,City neighborhood or sub-neighborhood per official/Wikipedia lists,https://en.wikipedia.org/wiki/List_of_communities_and_neighborhoods_of_San_Diego;https://www.sandiego.gov/planning/community-plans
San Diego,Gaslamp Quarter,Neighborhood/Community (City of San Diego),FALSE,City neighborhood or sub-neighborhood per official/Wikipedia lists,https://en.wikipedia.org/wiki/List_of_communities_and_neighborhoods_of_San_Diego;https://www.sandiego.gov/planning/community-plans
San Diego,Gateway,Neighborhood/Community (City of San Diego),FALSE,City neighborhood or sub-neighborhood per official/Wikipedia lists,https://en.wikipedia.org/wiki/List_of_communities_and_neighborhoods_of_San_Diego;https://www.sandiego.gov/planning/community-plans
San Diego,Golden Hill,Neighborhood/Community (City of San Diego),FALSE,City neighborhood or sub-neighborhood per official/Wikipedia lists,https://en.wikipedia.org/wiki/List_of_communities_and_neighborhoods_of_San_Diego;https://www.sandiego.gov/planning/community-plans
San Diego,Grant Hill,Neighborhood/Community (City of San Diego),FALSE,City neighborhood or sub-neighborhood per official/Wikipedia lists,https://en.wikipedia.org/wiki/List_of_communities_and_neighborhoods_of_San_Diego;https://www.sandiego.gov/planning/community-plans
San Diego,Grantville,Neighborhood/Community (City of San Diego),FALSE,City neighborhood or sub-neighborhood per official/Wikipedia lists,https://en.wikipedia.org/wiki/List_of_communities_and_neighborhoods_of_San_Diego;https://www.sandiego.gov/planning/community-plans
San Diego,Harbor Island,Neighborhood/Community (City of San Diego),FALSE,City neighborhood or sub-neighborhood per official/Wikipedia lists,https://en.wikipedia.org/wiki/List_of_communities_and_neighborhoods_of_San_Diego;https://www.sandiego.gov/planning/community-plans
San Diego,Harborview,Neighborhood/Community (City of San Diego),FALSE,City neighborhood or sub-neighborhood per official/Wikipedia lists,https://en.wikipedia.org/wiki/List_of_communities_and_neighborhoods_of_San_Diego;https://www.sandiego.gov/planning/community-plans
San Diego,Hidden Valley,Neighborhood/Community (City of San Diego),FALSE,City neighborhood or sub-neighborhood per official/Wikipedia lists,https://en.wikipedia.org/wiki/List_of_communities_and_neighborhoods_of_San_Diego;https://www.sandiego.gov/planning/community-plans
San Diego,Hillcrest,Neighborhood/Community (City of San Diego),FALSE,City neighborhood or sub-neighborhood per official/Wikipedia lists,https://en.wikipedia.org/wiki/List_of_communities_and_neighborhoods_of_San_Diego;https://www.sandiego.gov/planning/community-plans
San Diego,Hollywood Park,Neighborhood/Community (City of San Diego),FALSE,City neighborhood or sub-neighborhood per official/Wikipedia lists,https://en.wikipedia.org/wiki/List_of_communities_and_neighborhoods_of_San_Diego;https://www.sandiego.gov/planning/community-plans
San Diego,Hotel Circle,Neighborhood/Community (City of San Diego),FALSE,City neighborhood or sub-neighborhood per official/Wikipedia lists,https://en.wikipedia.org/wiki/List_of_communities_and_neighborhoods_of_San_Diego;https://www.sandiego.gov/planning/community-plans
San Diego,Islenair,Neighborhood/Community (City of San Diego),FALSE,City neighborhood or sub-neighborhood per official/Wikipedia lists,https://en.wikipedia.org/wiki/List_of_communities_and_neighborhoods_of_San_Diego;https://www.sandiego.gov/planning/community-plans
San Diego,Jamacha,Neighborhood/Community (City of San Diego),FALSE,City neighborhood or sub-neighborhood per official/Wikipedia lists,https://en.wikipedia.org/wiki/List_of_communities_and_neighborhoods_of_San_Diego;https://www.sandiego.gov/planning/community-plans
San Diego,Kearny Mesa,Neighborhood/Community (City of San Diego),FALSE,City neighborhood or sub-neighborhood per official/Wikipedia lists,https://en.wikipedia.org/wiki/List_of_communities_and_neighborhoods_of_San_Diego;https://www.sandiego.gov/planning/community-plans
San Diego,Kensington,Neighborhood/Community (City of San Diego),FALSE,City neighborhood or sub-neighborhood per official/Wikipedia lists,https://en.wikipedia.org/wiki/List_of_communities_and_neighborhoods_of_San_Diego;https://www.sandiego.gov/planning/community-plans
San Diego,La Jolla,Neighborhood/Community (City of San Diego),FALSE,City neighborhood or sub-neighborhood per official/Wikipedia lists,https://en.wikipedia.org/wiki/List_of_communities_and_neighborhoods_of_San_Diego;https://www.sandiego.gov/planning/community-plans
San Diego,La Jolla Alta,Neighborhood/Community (City of San Diego),FALSE,City neighborhood or sub-neighborhood per official/Wikipedia lists,https://en.wikipedia.org/wiki/List_of_communities_and_neighborhoods_of_San_Diego;https://www.sandiego.gov/planning/community-plans
San Diego,La Jolla Farms,Neighborhood/Community (City of San Diego),FALSE,City neighborhood or sub-neighborhood per official/Wikipedia lists,https://en.wikipedia.org/wiki/List_of_communities_and_neighborhoods_of_San_Diego;https://www.sandiego.gov/planning/community-plans
San Diego,La Jolla Heights,Neighborhood/Community (City of San Diego),FALSE,City neighborhood or sub-neighborhood per official/Wikipedia lists,https://en.wikipedia.org/wiki/List_of_communities_and_neighborhoods_of_San_Diego;https://www.sandiego.gov/planning/community-plans
San Diego,La Jolla Mesa,Neighborhood/Community (City of San Diego),FALSE,City neighborhood or sub-neighborhood per official/Wikipedia lists,https://en.wikipedia.org/wiki/List_of_communities_and_neighborhoods_of_San_Diego;https://www.sandiego.gov/planning/community-plans
San Diego,La Jolla Shores,Neighborhood/Community (City of San Diego),FALSE,City neighborhood or sub-neighborhood per official/Wikipedia lists,https://en.wikipedia.org/wiki/List_of_communities_and_neighborhoods_of_San_Diego;https://www.sandiego.gov/planning/community-plans
San Diego,La Jolla Village,Neighborhood/Community (City of San Diego),FALSE,City neighborhood or sub-neighborhood per official/Wikipedia lists,https://en.wikipedia.org/wiki/List_of_communities_and_neighborhoods_of_San_Diego;https://www.sandiego.gov/planning/community-plans
San Diego,La Playa,Neighborhood/Community (City of San Diego),FALSE,City neighborhood or sub-neighborhood per official/Wikipedia lists,https://en.wikipedia.org/wiki/List_of_communities_and_neighborhoods_of_San_Diego;https://www.sandiego.gov/planning/community-plans
San Diego,Lake Murray,Neighborhood/Community (City of San Diego),FALSE,City neighborhood or sub-neighborhood per official/Wikipedia lists,https://en.wikipedia.org/wiki/List_of_communities_and_neighborhoods_of_San_Diego;https://www.sandiego.gov/planning/community-plans
San Diego,Liberty Station,Neighborhood/Community (City of San Diego),FALSE,City neighborhood or sub-neighborhood per official/Wikipedia lists,https://en.wikipedia.org/wiki/List_of_communities_and_neighborhoods_of_San_Diego;https://www.sandiego.gov/planning/community-plans
San Diego,Lincoln Park,Neighborhood/Community (City of San Diego),FALSE,City neighborhood or sub-neighborhood per official/Wikipedia lists,https://en.wikipedia.org/wiki/List_of_communities_and_neighborhoods_of_San_Diego;https://www.sandiego.gov/planning/community-plans
San Diego,Linda Vista,Neighborhood/Community (City of San Diego),FALSE,City neighborhood or sub-neighborhood per official/Wikipedia lists,https://en.wikipedia.org/wiki/List_of_communities_and_neighborhoods_of_San_Diego;https://www.sandiego.gov/planning/community-plans
San Diego,Little Italy,Neighborhood/Community (City of San Diego),FALSE,City neighborhood or sub-neighborhood per official/Wikipedia lists,https://en.wikipedia.org/wiki/List_of_communities_and_neighborhoods_of_San_Diego;https://www.sandiego.gov/planning/community-plans
San Diego,Logan Heights,Neighborhood/Community (City of San Diego),FALSE,City neighborhood or sub-neighborhood per official/Wikipedia lists,https://en.wikipedia.org/wiki/List_of_communities_and_neighborhoods_of_San_Diego;https://www.sandiego.gov/planning/community-plans
San Diego,Loma Alta,Neighborhood/Community (City of San Diego),FALSE,City neighborhood or sub-neighborhood per official/Wikipedia lists,https://en.wikipedia.org/wiki/List_of_communities_and_neighborhoods_of_San_Diego;https://www.sandiego.gov/planning/community-plans
San Diego,Loma Palisades,Neighborhood/Community (City of San Diego),FALSE,City neighborhood or sub-neighborhood per official/Wikipedia lists,https://en.wikipedia.org/wiki/List_of_communities_and_neighborhoods_of_San_Diego;https://www.sandiego.gov/planning/community-plans
San Diego,Loma Portal,Neighborhood/Community (City of San Diego),FALSE,City neighborhood or sub-neighborhood per official/Wikipedia lists,https://en.wikipedia.org/wiki/List_of_communities_and_neighborhoods_of_San_Diego;https://www.sandiego.gov/planning/community-plans
San Diego,Lower Hermosa,Neighborhood/Community (City of San Diego),FALSE,City neighborhood or sub-neighborhood per official/Wikipedia lists,https://en.wikipedia.org/wiki/List_of_communities_and_neighborhoods_of_San_Diego;https://www.sandiego.gov/planning/community-plans
San Diego,Marina,Neighborhood/Community (City of San Diego),FALSE,City neighborhood or sub-neighborhood per official/Wikipedia lists,https://en.wikipedia.org/wiki/List_of_communities_and_neighborhoods_of_San_Diego;https://www.sandiego.gov/planning/community-plans
San Diego,Marston Hills,Neighborhood/Community (City of San Diego),FALSE,City neighborhood or sub-neighborhood per official/Wikipedia lists,https://en.wikipedia.org/wiki/List_of_communities_and_neighborhoods_of_San_Diego;https://www.sandiego.gov/planning/community-plans
San Diego,Memorial,Neighborhood/Community (City of San Diego),FALSE,City neighborhood or sub-neighborhood per official/Wikipedia lists,https://en.wikipedia.org/wiki/List_of_communities_and_neighborhoods_of_San_Diego;https://www.sandiego.gov/planning/community-plans
San Diego,Middletown,Neighborhood/Community (City of San Diego),FALSE,City neighborhood or sub-neighborhood per official/Wikipedia lists,https://en.wikipedia.org/wiki/List_of_communities_and_neighborhoods_of_San_Diego;https://www.sandiego.gov/planning/community-plans
San Diego,Midway,Neighborhood/Community (City of San Diego),FALSE,City neighborhood or sub-neighborhood per official/Wikipedia lists,https://en.wikipedia.org/wiki/List_of_communities_and_neighborhoods_of_San_Diego;https://www.sandiego.gov/planning/community-plans
San Diego,Mira Mesa,Neighborhood/Community (City of San Diego),FALSE,City neighborhood or sub-neighborhood per official/Wikipedia lists,https://en.wikipedia.org/wiki/List_of_communities_and_neighborhoods_of_San_Diego;https://www.sandiego.gov/planning/community-plans
San Diego,Miramar,Neighborhood/Community (City of San Diego),FALSE,City neighborhood or sub-neighborhood per official/Wikipedia lists,https://en.wikipedia.org/wiki/List_of_communities_and_neighborhoods_of_San_Diego;https://www.sandiego.gov/planning/community-plans
San Diego,Miramar Ranch North,Neighborhood/Community (City of San Diego),FALSE,City neighborhood or sub-neighborhood per official/Wikipedia lists,https://en.wikipedia.org/wiki/List_of_communities_and_neighborhoods_of_San_Diego;https://www.sandiego.gov/planning/community-plans
San Diego,Mission Bay Park,Neighborhood/Community (City of San Diego),FALSE,City neighborhood or sub-neighborhood per official/Wikipedia lists,https://en.wikipedia.org/wiki/List_of_communities_and_neighborhoods_of_San_Diego;https://www.sandiego.gov/planning/community-plans
San Diego,Mission Beach,Neighborhood/Community (City of San Diego),FALSE,City neighborhood or sub-neighborhood per official/Wikipedia lists,https://en.wikipedia.org/wiki/List_of_communities_and_neighborhoods_of_San_Diego;https://www.sandiego.gov/planning/community-plans
San Diego,Mission Hills,Neighborhood/Community (City of San Diego),FALSE,City neighborhood or sub-neighborhood per official/Wikipedia lists,https://en.wikipedia.org/wiki/List_of_communities_and_neighborhoods_of_San_Diego;https://www.sandiego.gov/planning/community-plans
San Diego,Mission Valley,Neighborhood/Community (City of San Diego),FALSE,City neighborhood or sub-neighborhood per official/Wikipedia lists,https://en.wikipedia.org/wiki/List_of_communities_and_neighborhoods_of_San_Diego;https://www.sandiego.gov/planning/community-plans
San Diego,Mission Valley East,Neighborhood/Community (City of San Diego),FALSE,City neighborhood or sub-neighborhood per official/Wikipedia lists,https://en.wikipedia.org/wiki/List_of_communities_and_neighborhoods_of_San_Diego;https://www.sandiego.gov/planning/community-plans
San Diego,Mission Valley West,Neighborhood/Community (City of San Diego),FALSE,City neighborhood or sub-neighborhood per official/Wikipedia lists,https://en.wikipedia.org/wiki/List_of_communities_and_neighborhoods_of_San_Diego;https://www.sandiego.gov/planning/community-plans
San Diego,Montclair,Neighborhood/Community (City of San Diego),FALSE,City neighborhood or sub-neighborhood per official/Wikipedia lists,https://en.wikipedia.org/wiki/List_of_communities_and_neighborhoods_of_San_Diego;https://www.sandiego.gov/planning/community-plans
San Diego,Morena,Neighborhood/Community (City of San Diego),FALSE,City neighborhood or sub-neighborhood per official/Wikipedia lists,https://en.wikipedia.org/wiki/List_of_communities_and_neighborhoods_of_San_Diego;https://www.sandiego.gov/planning/community-plans
San Diego,Mount Hope,Neighborhood/Community (City of San Diego),FALSE,City neighborhood or sub-neighborhood per official/Wikipedia lists,https://en.wikipedia.org/wiki/List_of_communities_and_neighborhoods_of_San_Diego;https://www.sandiego.gov/planning/community-plans
San Diego,Mountain View,Neighborhood/Community (City of San Diego),FALSE,City neighborhood or sub-neighborhood per official/Wikipedia lists,https://en.wikipedia.org/wiki/List_of_communities_and_neighborhoods_of_San_Diego;https://www.sandiego.gov/planning/community-plans
San Diego,Muirlands,Neighborhood/Community (City of San Diego),FALSE,City neighborhood or sub-neighborhood per official/Wikipedia lists,https://en.wikipedia.org/wiki/List_of_communities_and_neighborhoods_of_San_Diego;https://www.sandiego.gov/planning/community-plans
San Diego,Muirlands West,Neighborhood/Community (City of San Diego),FALSE,City neighborhood or sub-neighborhood per official/Wikipedia lists,https://en.wikipedia.org/wiki/List_of_communities_and_neighborhoods_of_San_Diego;https://www.sandiego.gov/planning/community-plans
San Diego,Navajo,Neighborhood/Community (City of San Diego),FALSE,City neighborhood or sub-neighborhood per official/Wikipedia lists,https://en.wikipedia.org/wiki/List_of_communities_and_neighborhoods_of_San_Diego;https://www.sandiego.gov/planning/community-plans
San Diego,Nestor,Neighborhood/Community (City of San Diego),FALSE,City neighborhood or sub-neighborhood per official/Wikipedia lists,https://en.wikipedia.org/wiki/List_of_communities_and_neighborhoods_of_San_Diego;https://www.sandiego.gov/planning/community-plans
San Diego,Normal Heights,Neighborhood/Community (City of San Diego),FALSE,City neighborhood or sub-neighborhood per official/Wikipedia lists,https://en.wikipedia.org/wiki/List_of_communities_and_neighborhoods_of_San_Diego;https://www.sandiego.gov/planning/community-plans
San Diego,North Clairemont,Neighborhood/Community (City of San Diego),FALSE,City neighborhood or sub-neighborhood per official/Wikipedia lists,https://en.wikipedia.org/wiki/List_of_communities_and_neighborhoods_of_San_Diego;https://www.sandiego.gov/planning/community-plans
San Diego,North Park,Neighborhood/Community (City of San Diego),FALSE,City neighborhood or sub-neighborhood per official/Wikipedia lists,https://en.wikipedia.org/wiki/List_of_communities_and_neighborhoods_of_San_Diego;https://www.sandiego.gov/planning/community-plans
San Diego,O'Farrell (South Encanto),Neighborhood/Community (City of San Diego),FALSE,City neighborhood or sub-neighborhood per official/Wikipedia lists,https://en.wikipedia.org/wiki/List_of_communities_and_neighborhoods_of_San_Diego;https://www.sandiego.gov/planning/community-plans
San Diego,Oak Park,Neighborhood/Community (City of San Diego),FALSE,City neighborhood or sub-neighborhood per official/Wikipedia lists,https://en.wikipedia.org/wiki/List_of_communities_and_neighborhoods_of_San_Diego;https://www.sandiego.gov/planning/community-plans
San Diego,Ocean Beach,Neighborhood/Community (City of San Diego),FALSE,City neighborhood or sub-neighborhood per official/Wikipedia lists,https://en.wikipedia.org/wiki/List_of_communities_and_neighborhoods_of_San_Diego;https://www.sandiego.gov/planning/community-plans
San Diego,Ocean Beach Highlands,Neighborhood/Community (City of San Diego),FALSE,City neighborhood or sub-neighborhood per official/Wikipedia lists,https://en.wikipedia.org/wiki/List_of_communities_and_neighborhoods_of_San_Diego;https://www.sandiego.gov/planning/community-plans
San Diego,Ocean View Hills,Neighborhood/Community (City of San Diego),FALSE,City neighborhood or sub-neighborhood per official/Wikipedia lists,https://en.wikipedia.org/wiki/List_of_communities_and_neighborhoods_of_San_Diego;https://www.sandiego.gov/planning/community-plans
San Diego,Old Town,Neighborhood/Community (City of San Diego),FALSE,City neighborhood or sub-neighborhood per official/Wikipedia lists,https://en.wikipedia.org/wiki/List_of_communities_and_neighborhoods_of_San_Diego;https://www.sandiego.gov/planning/community-plans
San Diego,Otay Mesa,Neighborhood/Community (City of San Diego),FALSE,City neighborhood or sub-neighborhood per official/Wikipedia lists,https://en.wikipedia.org/wiki/List_of_communities_and_neighborhoods_of_San_Diego;https://www.sandiego.gov/planning/community-plans
San Diego,Otay Mesa West,Neighborhood/Community (City of San Diego),FALSE,City neighborhood or sub-neighborhood per official/Wikipedia lists,https://en.wikipedia.org/wiki/List_of_communities_and_neighborhoods_of_San_Diego;https://www.sandiego.gov/planning/community-plans
San Diego,Pacific Beach,Neighborhood/Community (City of San Diego),FALSE,City neighborhood or sub-neighborhood per official/Wikipedia lists,https://en.wikipedia.org/wiki/List_of_communities_and_neighborhoods_of_San_Diego;https://www.sandiego.gov/planning/community-plans
San Diego,Pacific Highlands Ranch,Neighborhood/Community (City of San Diego),FALSE,City neighborhood or sub-neighborhood per official/Wikipedia lists,https://en.wikipedia.org/wiki/List_of_communities_and_neighborhoods_of_San_Diego;https://www.sandiego.gov/planning/community-plans
San Diego,Palm City,Neighborhood/Community (City of San Diego),FALSE,City neighborhood or sub-neighborhood per official/Wikipedia lists,https://en.wikipedia.org/wiki/List_of_communities_and_neighborhoods_of_San_Diego;https://www.sandiego.gov/planning/community-plans
San Diego,Paradise Hills,Neighborhood/Community (City of San Diego),FALSE,City neighborhood or sub-neighborhood per official/Wikipedia lists,https://en.wikipedia.org/wiki/List_of_communities_and_neighborhoods_of_San_Diego;https://www.sandiego.gov/planning/community-plans
San Diego,Point Loma,Neighborhood/Community (City of San Diego),FALSE,City neighborhood or sub-neighborhood per official/Wikipedia lists,https://en.wikipedia.org/wiki/List_of_communities_and_neighborhoods_of_San_Diego;https://www.sandiego.gov/planning/community-plans
San Diego,Point Loma Heights,Neighborhood/Community (City of San Diego),FALSE,City neighborhood or sub-neighborhood per official/Wikipedia lists,https://en.wikipedia.org/wiki/List_of_communities_and_neighborhoods_of_San_Diego;https://www.sandiego.gov/planning/community-plans
San Diego,Point Loma Highlands,Neighborhood/Community (City of San Diego),FALSE,City neighborhood or sub-neighborhood per official/Wikipedia lists,https://en.wikipedia.org/wiki/List_of_communities_and_neighborhoods_of_San_Diego;https://www.sandiego.gov/planning/community-plans
San Diego,Rancho Bernardo,Neighborhood/Community (City of San Diego),FALSE,City neighborhood or sub-neighborhood per official/Wikipedia lists,https://en.wikipedia.org/wiki/List_of_communities_and_neighborhoods_of_San_Diego;https://www.sandiego.gov/planning/community-plans
San Diego,Rancho Encantada (Stonebridge),Neighborhood/Community (City of San Diego),FALSE,City neighborhood or sub-neighborhood per official/Wikipedia lists,https://en.wikipedia.org/wiki/List_of_communities_and_neighborhoods_of_San_Diego;https://www.sandiego.gov/planning/community-plans
San Diego,Rancho Peñasquitos,Neighborhood/Community (City of San Diego),FALSE,City neighborhood or sub-neighborhood per official/Wikipedia lists,https://en.wikipedia.org/wiki/List_of_communities_and_neighborhoods_of_San_Diego;https://www.sandiego.gov/planning/community-plans
San Diego,Redwood Village,Neighborhood/Community (City of San Diego),FALSE,City neighborhood or sub-neighborhood per official/Wikipedia lists,https://en.wikipedia.org/wiki/List_of_communities_and_neighborhoods_of_San_Diego;https://www.sandiego.gov/planning/community-plans
San Diego,Ridgeview,Neighborhood/Community (City of San Diego),FALSE,City neighborhood or sub-neighborhood per official/Wikipedia lists,https://en.wikipedia.org/wiki/List_of_communities_and_neighborhoods_of_San_Diego;https://www.sandiego.gov/planning/community-plans
San Diego,Rolando,Neighborhood/Community (City of San Diego),FALSE,City neighborhood or sub-neighborhood per official/Wikipedia lists,https://en.wikipedia.org/wiki/List_of_communities_and_neighborhoods_of_San_Diego;https://www.sandiego.gov/planning/community-plans
San Diego,Rolando Park,Neighborhood/Community (City of San Diego),FALSE,City neighborhood or sub-neighborhood per official/Wikipedia lists,https://en.wikipedia.org/wiki/List_of_communities_and_neighborhoods_of_San_Diego;https://www.sandiego.gov/planning/community-plans
San Diego,Rolando Village,Neighborhood/Community (City of San Diego),FALSE,City neighborhood or sub-neighborhood per official/Wikipedia lists,https://en.wikipedia.org/wiki/List_of_communities_and_neighborhoods_of_San_Diego;https://www.sandiego.gov/planning/community-plans
San Diego,Roseville,Neighborhood/Community (City of San Diego),FALSE,City neighborhood or sub-neighborhood per official/Wikipedia lists,https://en.wikipedia.org/wiki/List_of_communities_and_neighborhoods_of_San_Diego;https://www.sandiego.gov/planning/community-plans
San Diego,Sabre Springs,Neighborhood/Community (City of San Diego),FALSE,City neighborhood or sub-neighborhood per official/Wikipedia lists,https://en.wikipedia.org/wiki/List_of_communities_and_neighborhoods_of_San_Diego;https://www.sandiego.gov/planning/community-plans
San Diego,San Carlos,Neighborhood/Community (City of San Diego),FALSE,City neighborhood or sub-neighborhood per official/Wikipedia lists,https://en.wikipedia.org/wiki/List_of_communities_and_neighborhoods_of_San_Diego;https://www.sandiego.gov/planning/community-plans
San Diego,San Pasqual Valley,Neighborhood/Community (City of San Diego),FALSE,City neighborhood or sub-neighborhood per official/Wikipedia lists,https://en.wikipedia.org/wiki/List_of_communities_and_neighborhoods_of_San_Diego;https://www.sandiego.gov/planning/community-plans
San Diego,San Ysidro,Neighborhood/Community (City of San Diego),FALSE,City neighborhood or sub-neighborhood per official/Wikipedia lists,https://en.wikipedia.org/wiki/List_of_communities_and_neighborhoods_of_San_Diego;https://www.sandiego.gov/planning/community-plans
San Diego,Scripps Ranch,Neighborhood/Community (City of San Diego),FALSE,City neighborhood or sub-neighborhood per official/Wikipedia lists,https://en.wikipedia.org/wiki/List_of_communities_and_neighborhoods_of_San_Diego;https://www.sandiego.gov/planning/community-plans
San Diego,Serra Mesa,Neighborhood/Community (City of San Diego),FALSE,City neighborhood or sub-neighborhood per official/Wikipedia lists,https://en.wikipedia.org/wiki/List_of_communities_and_neighborhoods_of_San_Diego;https://www.sandiego.gov/planning/community-plans
San Diego,Shelltown,Neighborhood/Community (City of San Diego),FALSE,City neighborhood or sub-neighborhood per official/Wikipedia lists,https://en.wikipedia.org/wiki/List_of_communities_and_neighborhoods_of_San_Diego;https://www.sandiego.gov/planning/community-plans
San Diego,Shelter Island,Neighborhood/Community (City of San Diego),FALSE,City neighborhood or sub-neighborhood per official/Wikipedia lists,https://en.wikipedia.org/wiki/List_of_communities_and_neighborhoods_of_San_Diego;https://www.sandiego.gov/planning/community-plans
San Diego,Sherman Heights,Neighborhood/Community (City of San Diego),FALSE,City neighborhood or sub-neighborhood per official/Wikipedia lists,https://en.wikipedia.org/wiki/List_of_communities_and_neighborhoods_of_San_Diego;https://www.sandiego.gov/planning/community-plans
San Diego,Skyline,Neighborhood/Community (City of San Diego),FALSE,City neighborhood or sub-neighborhood per official/Wikipedia lists,https://en.wikipedia.org/wiki/List_of_communities_and_neighborhoods_of_San_Diego;https://www.sandiego.gov/planning/community-plans
San Diego,Soledad South,Neighborhood/Community (City of San Diego),FALSE,City neighborhood or sub-neighborhood per official/Wikipedia lists,https://en.wikipedia.org/wiki/List_of_communities_and_neighborhoods_of_San_Diego;https://www.sandiego.gov/planning/community-plans
San Diego,Sorrento Mesa,Neighborhood/Community (City of San Diego),FALSE,City neighborhood or sub-neighborhood per official/Wikipedia lists,https://en.wikipedia.org/wiki/List_of_communities_and_neighborhoods_of_San_Diego;https://www.sandiego.gov/planning/community-plans
San Diego,Sorrento Valley,Neighborhood/Community (City of San Diego),FALSE,City neighborhood or sub-neighborhood per official/Wikipedia lists,https://en.wikipedia.org/wiki/List_of_communities_and_neighborhoods_of_San_Diego;https://www.sandiego.gov/planning/community-plans
San Diego,South Park,Neighborhood/Community (City of San Diego),FALSE,City neighborhood or sub-neighborhood per official/Wikipedia lists,https://en.wikipedia.org/wiki/List_of_communities_and_neighborhoods_of_San_Diego;https://www.sandiego.gov/planning/community-plans
San Diego,Southcrest,Neighborhood/Community (City of San Diego),FALSE,City neighborhood or sub-neighborhood per official/Wikipedia lists,https://en.wikipedia.org/wiki/List_of_communities_and_neighborhoods_of_San_Diego;https://www.sandiego.gov/planning/community-plans
San Diego,Stockton,Neighborhood/Community (City of San Diego),FALSE,City neighborhood or sub-neighborhood per official/Wikipedia lists,https://en.wikipedia.org/wiki/List_of_communities_and_neighborhoods_of_San_Diego;https://www.sandiego.gov/planning/community-plans
San Diego,Sunset Cliffs,Neighborhood/Community (City of San Diego),FALSE,City neighborhood or sub-neighborhood per official/Wikipedia lists,https://en.wikipedia.org/wiki/List_of_communities_and_neighborhoods_of_San_Diego;https://www.sandiego.gov/planning/community-plans
San Diego,Swan Canyon,Neighborhood/Community (City of San Diego),FALSE,City neighborhood or sub-neighborhood per official/Wikipedia lists,https://en.wikipedia.org/wiki/List_of_communities_and_neighborhoods_of_San_Diego;https://www.sandiego.gov/planning/community-plans
San Diego,Talmadge,Neighborhood/Community (City of San Diego),FALSE,City neighborhood or sub-neighborhood per official/Wikipedia lists,https://en.wikipedia.org/wiki/List_of_communities_and_neighborhoods_of_San_Diego;https://www.sandiego.gov/planning/community-plans
San Diego,Teralta East,Neighborhood/Community (City of San Diego),FALSE,City neighborhood or sub-neighborhood per official/Wikipedia lists,https://en.wikipedia.org/wiki/List_of_communities_and_neighborhoods_of_San_Diego;https://www.sandiego.gov/planning/community-plans
San Diego,Teralta West,Neighborhood/Community (City of San Diego),FALSE,City neighborhood or sub-neighborhood per official/Wikipedia lists,https://en.wikipedia.org/wiki/List_of_communities_and_neighborhoods_of_San_Diego;https://www.sandiego.gov/planning/community-plans
San Diego,Tierrasanta,Neighborhood/Community (City of San Diego),FALSE,City neighborhood or sub-neighborhood per official/Wikipedia lists,https://en.wikipedia.org/wiki/List_of_communities_and_neighborhoods_of_San_Diego;https://www.sandiego.gov/planning/community-plans
San Diego,Tijuana River Valley,Neighborhood/Community (City of San Diego),FALSE,City neighborhood or sub-neighborhood per official/Wikipedia lists,https://en.wikipedia.org/wiki/List_of_communities_and_neighborhoods_of_San_Diego;https://www.sandiego.gov/planning/community-plans
San Diego,Torrey Highlands,Neighborhood/Community (City of San Diego),FALSE,City neighborhood or sub-neighborhood per official/Wikipedia lists,https://en.wikipedia.org/wiki/List_of_communities_and_neighborhoods_of_San_Diego;https://www.sandiego.gov/planning/community-plans
San Diego,Torrey Hills,Neighborhood/Community (City of San Diego),FALSE,City neighborhood or sub-neighborhood per official/Wikipedia lists,https://en.wikipedia.org/wiki/List_of_communities_and_neighborhoods_of_San_Diego;https://www.sandiego.gov/planning/community-plans
San Diego,Torrey Pines,Neighborhood/Community (City of San Diego),FALSE,City neighborhood or sub-neighborhood per official/Wikipedia lists,https://en.wikipedia.org/wiki/List_of_communities_and_neighborhoods_of_San_Diego;https://www.sandiego.gov/planning/community-plans
San Diego,University City,Neighborhood/Community (City of San Diego),FALSE,City neighborhood or sub-neighborhood per official/Wikipedia lists,https://en.wikipedia.org/wiki/List_of_communities_and_neighborhoods_of_San_Diego;https://www.sandiego.gov/planning/community-plans
San Diego,University Heights,Neighborhood/Community (City of San Diego),FALSE,City neighborhood or sub-neighborhood per official/Wikipedia lists,https://en.wikipedia.org/wiki/List_of_communities_and_neighborhoods_of_San_Diego;https://www.sandiego.gov/planning/community-plans
San Diego,Upper Hermosa,Neighborhood/Community (City of San Diego),FALSE,City neighborhood or sub-neighborhood per official/Wikipedia lists,https://en.wikipedia.org/wiki/List_of_communities_and_neighborhoods_of_San_Diego;https://www.sandiego.gov/planning/community-plans
San Diego,Valencia Park,Neighborhood/Community (City of San Diego),FALSE,City neighborhood or sub-neighborhood per official/Wikipedia lists,https://en.wikipedia.org/wiki/List_of_communities_and_neighborhoods_of_San_Diego;https://www.sandiego.gov/planning/community-plans
San Diego,Via de la Valle,Neighborhood/Community (City of San Diego),FALSE,City neighborhood or sub-neighborhood per official/Wikipedia lists,https://en.wikipedia.org/wiki/List_of_communities_and_neighborhoods_of_San_Diego;https://www.sandiego.gov/planning/community-plans
San Diego,Village of La Jolla,Neighborhood/Community (City of San Diego),FALSE,City neighborhood or sub-neighborhood per official/Wikipedia lists,https://en.wikipedia.org/wiki/List_of_communities_and_neighborhoods_of_San_Diego;https://www.sandiego.gov/planning/community-plans
San Diego,Webster,Neighborhood/Community (City of San Diego),FALSE,City neighborhood or sub-neighborhood per official/Wikipedia lists,https://en.wikipedia.org/wiki/List_of_communities_and_neighborhoods_of_San_Diego;https://www.sandiego.gov/planning/community-plans
San Diego,Wooded Area,Neighborhood/Community (City of San Diego),FALSE,City neighborhood or sub-neighborhood per official/Wikipedia lists,https://en.wikipedia.org/wiki/List_of_communities_and_neighborhoods_of_San_Diego;https://www.sandiego.gov/planning/community-plans
San Marcos,San Marcos,City,TRUE,Incorporated city,https://getitdone.sandiego.gov/ViewArticle?URLName=Nearby-Cities
San Marcos,Buenavida,Neighborhood,TRUE,Neighborhoods per San Marcos page,"https://en.wikipedia.org/wiki/San_Marcos,_California#Neighborhoods"
San Marcos,Coronado Hills,Neighborhood,TRUE,Neighborhoods per San Marcos page,"https://en.wikipedia.org/wiki/San_Marcos,_California#Neighborhoods"
San Marcos,Creek District,Neighborhood,TRUE,Neighborhoods per San Marcos page,"https://en.wikipedia.org/wiki/San_Marcos,_California#Neighborhoods"
San Marcos,Discovery Hills,Neighborhood,TRUE,Neighborhoods per San Marcos page,"https://en.wikipedia.org/wiki/San_Marcos,_California#Neighborhoods"
San Marcos,Discovery Meadows,Neighborhood,TRUE,Neighborhoods per San Marcos page,"https://en.wikipedia.org/wiki/San_Marcos,_California#Neighborhoods"
San Marcos,Grandon Estates,Neighborhood,TRUE,Neighborhoods per San Marcos page,"https://en.wikipedia.org/wiki/San_Marcos,_California#Neighborhoods"
San Marcos,Lake San Marcos,Neighborhood,TRUE,Neighborhoods per San Marcos page,"https://en.wikipedia.org/wiki/San_Marcos,_California#Neighborhoods"
San Marcos,Old Creek Ranch,Neighborhood,TRUE,Neighborhoods per San Marcos page,"https://en.wikipedia.org/wiki/San_Marcos,_California#Neighborhoods"
San Marcos,Rancho Coronado/Rancho Tesoro,Neighborhood,TRUE,Neighborhoods per San Marcos page,"https://en.wikipedia.org/wiki/San_Marcos,_California#Neighborhoods"
San Marcos,Rancho Dorado,Neighborhood,TRUE,Neighborhoods per San Marcos page,"https://en.wikipedia.org/wiki/San_Marcos,_California#Neighborhoods"
San Marcos,Rancho Santalina,Neighborhood,TRUE,Neighborhoods per San Marcos page,"https://en.wikipedia.org/wiki/San_Marcos,_California#Neighborhoods"
San Marcos,Rancho Tesoro,Neighborhood,TRUE,Neighborhoods per San Marcos page,"https://en.wikipedia.org/wiki/San_Marcos,_California#Neighborhoods"
San Marcos,Richland,Neighborhood,TRUE,Neighborhoods per San Marcos page,"https://en.wikipedia.org/wiki/San_Marcos,_California#Neighborhoods"
San Marcos,Richmar,Neighborhood,TRUE,Neighborhoods per San Marcos page,"https://en.wikipedia.org/wiki/San_Marcos,_California#Neighborhoods"
San Marcos,Rock Springs/Bennett District,Neighborhood,TRUE,Neighborhoods per San Marcos page,"https://en.wikipedia.org/wiki/San_Marcos,_California#Neighborhoods"
San Marcos,Sage Canyon,Neighborhood,TRUE,Neighborhoods per San Marcos page,"https://en.wikipedia.org/wiki/San_Marcos,_California#Neighborhoods"
San Marcos,San Elijo Hills,Neighborhood,TRUE,Neighborhoods per San Marcos page,"https://en.wikipedia.org/wiki/San_Marcos,_California#Neighborhoods"
San Marcos,Santa Fe Hills,Neighborhood,TRUE,Neighborhoods per San Marcos page,"https://en.wikipedia.org/wiki/San_Marcos,_California#Neighborhoods"
San Marcos,Stone Canyon,Neighborhood,TRUE,Neighborhoods per San Marcos page,"https://en.wikipedia.org/wiki/San_Marcos,_California#Neighborhoods"
San Marcos,Twin Oaks Valley,Neighborhood,TRUE,Neighborhoods per San Marcos page,"https://en.wikipedia.org/wiki/San_Marcos,_California#Neighborhoods"
San Marcos,University District/North City,Neighborhood,TRUE,Neighborhoods per San Marcos page,"https://en.wikipedia.org/wiki/San_Marcos,_California#Neighborhoods"
San Marcos,Village O,Neighborhood,TRUE,Neighborhoods per San Marcos page,"https://en.wikipedia.org/wiki/San_Marcos,_California#Neighborhoods"
Santee,Santee,City,FALSE,Incorporated city,https://getitdone.sandiego.gov/ViewArticle?URLName=Nearby-Cities
Santee,Carlton Hills,Neighborhood,FALSE,Residential community NE Santee,https://www.homes.com/local-guide/santee-ca/carlton-hills-neighborhood/;https://www.neighborhoods.com/carlton-oaks-santee-ca
Santee,Carlton Oaks,Neighborhood,FALSE,Near golf course,https://www.homes.com/local-guide/santee-ca/carlton-hills-neighborhood/;https://www.neighborhoods.com/carlton-oaks-santee-ca
Santee,Mission Creek,Neighborhood,FALSE,Residential district,https://www.homes.com/local-guide/santee-ca/carlton-hills-neighborhood/;https://www.neighborhoods.com/carlton-oaks-santee-ca
Santee,Riverwalk,Neighborhood,FALSE,Master-planned community,https://www.homes.com/local-guide/santee-ca/carlton-hills-neighborhood/;https://www.neighborhoods.com/carlton-oaks-santee-ca
Santee,Sky Ranch,Neighborhood,FALSE,Hillside master-planned community,https://www.homes.com/local-guide/santee-ca/carlton-hills-neighborhood/;https://www.neighborhoods.com/carlton-oaks-santee-ca
Santee,Weston,Neighborhood,FALSE,Master-planned community,https://www.homes.com/local-guide/santee-ca/carlton-hills-neighborhood/;https://www.neighborhoods.com/carlton-oaks-santee-ca
Solana Beach,Solana Beach,City,TRUE,Incorporated city,https://getitdone.sandiego.gov/ViewArticle?URLName=Nearby-Cities
Solana Beach,La Colonia de Eden Gardens,Neighborhood,TRUE,Oldest neighborhood; also called Eden Gardens/La Colonia,https://www.cityofsolanabeach.org/en/community/about-solana-beach/solana-beach-history;https://en.wikipedia.org/wiki/La_Colonia_de_Eden_Gardens
Solana Beach,Lomas Santa Fe,Neighborhood,TRUE,Planned residential area/golf,https://www.cityofsolanabeach.org/en/community/about-solana-beach/solana-beach-history;https://en.wikipedia.org/wiki/La_Colonia_de_Eden_Gardens
Solana Beach,Solana Beach (Coastal/Old Solana),Neighborhood,TRUE,Coastal core district,https://www.cityofsolanabeach.org/en/community/about-solana-beach/solana-beach-history;https://en.wikipedia.org/wiki/La_Colonia_de_Eden_Gardens
Unincorporated (County),Alpine,CDP (unincorporated),TRUE,Census-designated place,https://www.citypopulation.de/en/usa/places/california/06073__san_diego/
Unincorporated (County),Bonita,CDP (unincorporated),FALSE,Census-designated place,https://www.citypopulation.de/en/usa/places/california/06073__san_diego/
Unincorporated (County),Bonsall,CDP (unincorporated),TRUE,Census-designated place,https://www.citypopulation.de/en/usa/places/california/06073__san_diego/
Unincorporated (County),Borrego Springs,CDP (unincorporated),FALSE,Census-designated place,https://www.citypopulation.de/en/usa/places/california/06073__san_diego/
Unincorporated (County),Bostonia,CDP (unincorporated),FALSE,Census-designated place,https://www.citypopulation.de/en/usa/places/california/06073__san_diego/
Unincorporated (County),Boulevard,CDP (unincorporated),FALSE,Census-designated place,https://www.citypopulation.de/en/usa/places/california/06073__san_diego/
Unincorporated (County),Camp Pendleton Mainside,CDP (unincorporated),TRUE,Census-designated place,https://www.citypopulation.de/en/usa/places/california/06073__san_diego/
Unincorporated (County),Camp Pendleton South,CDP (unincorporated),TRUE,Census-designated place,https://www.citypopulation.de/en/usa/places/california/06073__san_diego/
Unincorporated (County),Campo,CDP (unincorporated),FALSE,Census-designated place,https://www.citypopulation.de/en/usa/places/california/06073__san_diego/
Unincorporated (County),Casa de Oro-Mount Helix,CDP (unincorporated),FALSE,Census-designated place,https://www.citypopulation.de/en/usa/places/california/06073__san_diego/
Unincorporated (County),Crest,CDP (unincorporated),FALSE,Census-designated place,https://www.citypopulation.de/en/usa/places/california/06073__san_diego/
Unincorporated (County),Del Dios,CDP (unincorporated),TRUE,Census-designated place,https://www.citypopulation.de/en/usa/places/california/06073__san_diego/
Unincorporated (County),Descanso,CDP (unincorporated),FALSE,Census-designated place,https://www.citypopulation.de/en/usa/places/california/06073__san_diego/
Unincorporated (County),Elfin Forest,CDP (unincorporated),TRUE,Census-designated place,https://www.citypopulation.de/en/usa/places/california/06073__san_diego/
Unincorporated (County),Eucalyptus Hills,CDP (unincorporated),FALSE,Census-designated place,https://www.citypopulation.de/en/usa/places/california/06073__san_diego/
Unincorporated (County),Fairbanks Ranch,CDP (unincorporated),TRUE,Census-designated place,https://www.citypopulation.de/en/usa/places/california/06073__san_diego/
Unincorporated (County),Fallbrook,CDP (unincorporated),TRUE,Census-designated place,https://www.citypopulation.de/en/usa/places/california/06073__san_diego/
Unincorporated (County),Granite Hills,CDP (unincorporated),FALSE,Census-designated place,https://www.citypopulation.de/en/usa/places/california/06073__san_diego/
Unincorporated (County),Harbison Canyon,CDP (unincorporated),FALSE,Census-designated place,https://www.citypopulation.de/en/usa/places/california/06073__san_diego/
Unincorporated (County),Harmony Grove,CDP (unincorporated),TRUE,Census-designated place,https://www.citypopulation.de/en/usa/places/california/06073__san_diego/
Unincorporated (County),Hidden Meadows,CDP (unincorporated),TRUE,Census-designated place,https://www.citypopulation.de/en/usa/places/california/06073__san_diego/
Unincorporated (County),Jacumba Hot Springs,CDP (unincorporated),FALSE,Census-designated place,https://www.citypopulation.de/en/usa/places/california/06073__san_diego/
Unincorporated (County),Jamul,CDP (unincorporated),FALSE,Census-designated place,https://www.citypopulation.de/en/usa/places/california/06073__san_diego/
Unincorporated (County),Julian,CDP (unincorporated),FALSE,Census-designated place,https://www.citypopulation.de/en/usa/places/california/06073__san_diego/
Unincorporated (County),La Presa,CDP (unincorporated),FALSE,Census-designated place,https://www.citypopulation.de/en/usa/places/california/06073__san_diego/
Unincorporated (County),Lake San Marcos,CDP (unincorporated),TRUE,Census-designated place,https://www.citypopulation.de/en/usa/places/california/06073__san_diego/
Unincorporated (County),Lakeside,CDP (unincorporated),FALSE,Census-designated place,https://www.citypopulation.de/en/usa/places/california/06073__san_diego/
Unincorporated (County),Mount Laguna,CDP (unincorporated),FALSE,Census-designated place,https://www.citypopulation.de/en/usa/places/california/06073__san_diego/
Unincorporated (County),Pala,CDP (unincorporated),TRUE,Census-designated place,https://www.citypopulation.de/en/usa/places/california/06073__san_diego/
Unincorporated (County),Pine Valley,CDP (unincorporated),FALSE,Census-designated place,https://www.citypopulation.de/en/usa/places/california/06073__san_diego/
Unincorporated (County),Potrero,CDP (unincorporated),FALSE,Census-designated place,https://www.citypopulation.de/en/usa/places/california/06073__san_diego/
Unincorporated (County),Rainbow,CDP (unincorporated),TRUE,Census-designated place,https://www.citypopulation.de/en/usa/places/california/06073__san_diego/
Unincorporated (County),Ramona,CDP (unincorporated),FALSE,Census-designated place,https://www.citypopulation.de/en/usa/places/california/06073__san_diego/
Unincorporated (County),Rancho San Diego,CDP (unincorporated),FALSE,Census-designated place,https://www.citypopulation.de/en/usa/places/california/06073__san_diego/
Unincorporated (County),Rancho Santa Fe,CDP (unincorporated),TRUE,Census-designated place,https://www.citypopulation.de/en/usa/places/california/06073__san_diego/
Unincorporated (County),San Diego Country Estates,CDP (unincorporated),FALSE,Census-designated place,https://www.citypopulation.de/en/usa/places/california/06073__san_diego/
Unincorporated (County),Spring Valley,CDP (unincorporated),FALSE,Census-designated place,https://www.citypopulation.de/en/usa/places/california/06073__san_diego/
Unincorporated (County),Valley Center,CDP (unincorporated),TRUE,Census-designated place,https://www.citypopulation.de/en/usa/places/california/06073__san_diego/
Unincorporated (County),Winter Gardens,CDP (unincorporated),FALSE,Census-designated place,https://www.citypopulation.de/en/usa/places/california/06073__san_diego/
Unincorporated (County),4S Ranch,Community (unincorporated),TRUE,County-recognized community/planning area,https://www.sandiegocounty.gov/content/dam/sdc/pds/bldg/adu_info/UnincorporatedMap.pdf;https://www.sandiegocounty.gov/content/sdc/pds/CommunityGroups.html
Unincorporated (County),Boulevard,Community (unincorporated),FALSE,County-recognized community/planning area,https://www.sandiegocounty.gov/content/dam/sdc/pds/bldg/adu_info/UnincorporatedMap.pdf;https://www.sandiegocounty.gov/content/sdc/pds/CommunityGroups.html
Unincorporated (County),Campo/Lake Morena,Community (unincorporated),FALSE,County-recognized community/planning area,https://www.sandiegocounty.gov/content/dam/sdc/pds/bldg/adu_info/UnincorporatedMap.pdf;https://www.sandiegocounty.gov/content/sdc/pds/CommunityGroups.html
Unincorporated (County),Crest/Dehesa/Harbison Canyon/Granite Hills,Community (unincorporated),FALSE,County-recognized community/planning area,https://www.sandiegocounty.gov/content/dam/sdc/pds/bldg/adu_info/UnincorporatedMap.pdf;https://www.sandiegocounty.gov/content/sdc/pds/CommunityGroups.html
Unincorporated (County),De Luz,Community (unincorporated),TRUE,County-recognized community/planning area,https://www.sandiegocounty.gov/content/dam/sdc/pds/bldg/adu_info/UnincorporatedMap.pdf;https://www.sandiegocounty.gov/content/sdc/pds/CommunityGroups.html
Unincorporated (County),Dehesa,Community (unincorporated),FALSE,County-recognized community/planning area,https://www.sandiegocounty.gov/content/dam/sdc/pds/bldg/adu_info/UnincorporatedMap.pdf;https://www.sandiegocounty.gov/content/sdc/pds/CommunityGroups.html
Unincorporated (County),Del Dios,Community (unincorporated),TRUE,County-recognized community/planning area,https://www.sandiegocounty.gov/content/dam/sdc/pds/bldg/adu_info/UnincorporatedMap.pdf;https://www.sandiegocounty.gov/content/sdc/pds/CommunityGroups.html
Unincorporated (County),Descanso,Community (unincorporated),FALSE,County-recognized community/planning area,https://www.sandiegocounty.gov/content/dam/sdc/pds/bldg/adu_info/UnincorporatedMap.pdf;https://www.sandiegocounty.gov/content/sdc/pds/CommunityGroups.html
Unincorporated (County),Fairbanks Ranch,Community (unincorporated),TRUE,County-recognized community/planning area,https://www.sandiegocounty.gov/content/dam/sdc/pds/bldg/adu_info/UnincorporatedMap.pdf;https://www.sandiegocounty.gov/content/sdc/pds/CommunityGroups.html
Unincorporated (County),Fernbrook,Community (unincorporated),FALSE,County-recognized community/planning area,https://www.sandiegocounty.gov/content/dam/sdc/pds/bldg/adu_info/UnincorporatedMap.pdf;https://www.sandiegocounty.gov/content/sdc/pds/CommunityGroups.html
Unincorporated (County),Flinn Springs,Community (unincorporated),FALSE,County-recognized community/planning area,https://www.sandiegocounty.gov/content/dam/sdc/pds/bldg/adu_info/UnincorporatedMap.pdf;https://www.sandiegocounty.gov/content/sdc/pds/CommunityGroups.html
Unincorporated (County),Guatay,Community (unincorporated),FALSE,County-recognized community/planning area,https://www.sandiegocounty.gov/content/dam/sdc/pds/bldg/adu_info/UnincorporatedMap.pdf;https://www.sandiegocounty.gov/content/sdc/pds/CommunityGroups.html
Unincorporated (County),Harmony Grove,Community (unincorporated),TRUE,County-recognized community/planning area,https://www.sandiegocounty.gov/content/dam/sdc/pds/bldg/adu_info/UnincorporatedMap.pdf;https://www.sandiegocounty.gov/content/sdc/pds/CommunityGroups.html
Unincorporated (County),Jacumba,Community (unincorporated),FALSE,County-recognized community/planning area,https://www.sandiegocounty.gov/content/dam/sdc/pds/bldg/adu_info/UnincorporatedMap.pdf;https://www.sandiegocounty.gov/content/sdc/pds/CommunityGroups.html
Unincorporated (County),Jamul/Dulzura,Community (unincorporated),FALSE,County-recognized community/planning area,https://www.sandiegocounty.gov/content/dam/sdc/pds/bldg/adu_info/UnincorporatedMap.pdf;https://www.sandiegocounty.gov/content/sdc/pds/CommunityGroups.html
Unincorporated (County),Lilac,Community (unincorporated),TRUE,County-recognized community/planning area,https://www.sandiegocounty.gov/content/dam/sdc/pds/bldg/adu_info/UnincorporatedMap.pdf;https://www.sandiegocounty.gov/content/sdc/pds/CommunityGroups.html
Unincorporated (County),Ocotillo Wells,Community (unincorporated),FALSE,County-recognized community/planning area,https://www.sandiegocounty.gov/content/dam/sdc/pds/bldg/adu_info/UnincorporatedMap.pdf;https://www.sandiegocounty.gov/content/sdc/pds/CommunityGroups.html
Unincorporated (County),Palomar Mountain,Community (unincorporated),TRUE,County-recognized community/planning area,https://www.sandiegocounty.gov/content/dam/sdc/pds/bldg/adu_info/UnincorporatedMap.pdf;https://www.sandiegocounty.gov/content/sdc/pds/CommunityGroups.html
Unincorporated (County),Pauma Valley,Community (unincorporated),TRUE,County-recognized community/planning area,https://www.sandiegocounty.gov/content/dam/sdc/pds/bldg/adu_info/UnincorporatedMap.pdf;https://www.sandiegocounty.gov/content/sdc/pds/CommunityGroups.html
Unincorporated (County),Pine Hills,Community (unincorporated),FALSE,County-recognized community/planning area,https://www.sandiegocounty.gov/content/dam/sdc/pds/bldg/adu_info/UnincorporatedMap.pdf;https://www.sandiegocounty.gov/content/sdc/pds/CommunityGroups.html
Unincorporated (County),Potrero,Community (unincorporated),FALSE,County-recognized community/planning area,https://www.sandiegocounty.gov/content/dam/sdc/pds/bldg/adu_info/UnincorporatedMap.pdf;https://www.sandiegocounty.gov/content/sdc/pds/CommunityGroups.html
Unincorporated (County),Ranchita,Community (unincorporated),FALSE,County-recognized community/planning area,https://www.sandiegocounty.gov/content/dam/sdc/pds/bldg/adu_info/UnincorporatedMap.pdf;https://www.sandiegocounty.gov/content/sdc/pds/CommunityGroups.html
Unincorporated (County),Rincon,Community (unincorporated),TRUE,County-recognized community/planning area,https://www.sandiegocounty.gov/content/dam/sdc/pds/bldg/adu_info/UnincorporatedMap.pdf;https://www.sandiegocounty.gov/content/sdc/pds/CommunityGroups.html
Unincorporated (County),San Pasqual (Valley),Community (unincorporated),TRUE,County-recognized community/planning area,https://www.sandiegocounty.gov/content/dam/sdc/pds/bldg/adu_info/UnincorporatedMap.pdf;https://www.sandiegocounty.gov/content/sdc/pds/CommunityGroups.html
Unincorporated (County),Santa Ysabel,Community (unincorporated),FALSE,County-recognized community/planning area,https://www.sandiegocounty.gov/content/dam/sdc/pds/bldg/adu_info/UnincorporatedMap.pdf;https://www.sandiegocounty.gov/content/sdc/pds/CommunityGroups.html
Unincorporated (County),Tecate,Community (unincorporated),FALSE,County-recognized community/planning area,https://www.sandiegocounty.gov/content/dam/sdc/pds/bldg/adu_info/UnincorporatedMap.pdf;https://www.sandiegocounty.gov/content/sdc/pds/CommunityGroups.html
Unincorporated (County),Twin Oaks Valley (Uninc.),Community (unincorporated),TRUE,County-recognized community/planning area,https://www.sandiegocounty.gov/content/dam/sdc/pds/bldg/adu_info/UnincorporatedMap.pdf;https://www.sandiegocounty.gov/content/sdc/pds/CommunityGroups.html
Unincorporated (County),Vallecito,Community (unincorporated),FALSE,County-recognized community/planning area,https://www.sandiegocounty.gov/content/dam/sdc/pds/bldg/adu_info/UnincorporatedMap.pdf;https://www.sandiegocounty.gov/content/sdc/pds/CommunityGroups.html
Unincorporated (County),Warner Springs,Community (unincorporated),FALSE,County-recognized community/planning area,https://www.sandiegocounty.gov/content/dam/sdc/pds/bldg/adu_info/UnincorporatedMap.pdf;https://www.sandiegocounty.gov/content/sdc/pds/CommunityGroups.html
Vista,Vista,City,TRUE,Incorporated city,https://getitdone.sandiego.gov/ViewArticle?URLName=Nearby-Cities
Vista,Buena Creek,Neighborhood,TRUE,Semi-rural area SE Vista,https://www.neighborhoods.com/shadowridge-vista-ca;https://livinginvista.com/top-10-vista-ca-communities/;https://steveploetzhomes.com/neighborhoods/vista
Vista,Downtown Vista,Neighborhood,TRUE,Historic core,https://www.neighborhoods.com/shadowridge-vista-ca;https://livinginvista.com/top-10-vista-ca-communities/;https://steveploetzhomes.com/neighborhoods/vista
Vista,Morro Hills (Vista side),Neighborhood,TRUE,Semi-rural fringe,https://www.neighborhoods.com/shadowridge-vista-ca;https://livinginvista.com/top-10-vista-ca-communities/;https://steveploetzhomes.com/neighborhoods/vista
Vista,Shadowridge,Neighborhood,TRUE,Golf-course master-planned community,https://www.neighborhoods.com/shadowridge-vista-ca;https://livinginvista.com/top-10-vista-ca-communities/;https://steveploetzhomes.com/neighborhoods/vista
Vista,Warmlands,Neighborhood,TRUE,Hillside residential area,https://www.neighborhoods.com/shadowridge-vista-ca;https://livinginvista.com/top-10-vista-ca-communities/;https://steveploetzhomes.com/neighborhoods/vista
